recipe,type
Cacio e Pepe,Japanese
Caldo Verde,Italian
Chicken Marsala With Mushrooms and Shallots,Italian
Chicken Piccata,Italian
Corn and Zucchini Quesadillas,Mexican
Easy Creamy Chicken Enchilada Soup,Mexican
Easy Vegetable Fried Rice,Chinese
Extra-Crispy Bar-Style Tortilla Pizza,American
Mushroom and Asparagus Risotto,Italian
Pasta With Butternut Squash and Sage Brown Butter,Italian
Quick and Easy Pork Fried Rice With Corn and Shishito Peppers,American
Roman-Style Fettuccine With Alfredo Sauce,Italian
Spicy Chicken Quesadillas,Mexican
Stir-Fried Lo Mein Noodles With Pork and Vegetables,Vegetarian
Tuscan Ribollita With Summer Vegetables,Italian